Country,coal production,coal production year,coal consumption,coal consumption year,coal proven reserves,coal proven reserves year,petroleum production,petroleum production year,petroleum consumption,petroleum consumption year,petroleum proven reserves,petroleum proven reserves year,natural gas production,natural gas production year,natural gas consumption,natural gas consumption year,natural gas proven reserves,natural gas proven reserves year
afghanistan,4.885 million metric tons,2022 est.,1.545 million metric tons,2022 est.,66 million metric tons,2022 est.,,,"27,000 bbl/day",2022 est.,,,80.2 million cubic meters,2020 est.,80.2 million cubic meters,2020 est.,49.554 billion cubic meters,2021 est.
akrotiri-and-dhekelia,,,,,,,,,,,,,,,,,,
albania,"379,000 metric tons",2022 est.,"389,000 metric tons",2022 est.,522 million metric tons,2022 est.,"14,000 bbl/day",2023 est.,"26,000 bbl/day",2022 est.,,,50.623 million cubic meters,2022 est.,50.623 million cubic meters,2022 est.,5.692 billion cubic meters,2021 est.
algeria,,,"167,000 metric tons",2022 est.,223 million metric tons,2022 est.,1.443 million bbl/day,2023 est.,"428,000 bbl/day",2022 est.,,,100.726 billion cubic meters,2022 est.,47.963 billion cubic meters,2022 est.,4.504 trillion cubic meters,2021 est.
american-samoa,,,,,,,,,"3,000 bbl/day",2022 est.,,,,,,,,
andorra,,,,,,,,,,,,,,,,,,
angola,,,,,,,1.175 million bbl/day,2023 est.,"127,000 bbl/day",2022 est.,,,5.514 billion cubic meters,2022 est.,1.397 billion cubic meters,2022 est.,343.002 billion cubic meters,2021 est.
anguilla,,,,,,,,,,,,,,,,,,
antarctica,,,,,,,,,79.9 bbl/day,2022 est.,,,,,,,,
antigua-and-barbuda,,,,,,,,,"5,000 bbl/day",2022 est.,,,,,,,,
argentina,1.318 million metric tons,2022 est.,3.391 million metric tons,2022 est.,799.999 million metric tons,2022 est.,"807,000 bbl/day",2023 est.,"706,000 bbl/day",2022 est.,,,43.28 billion cubic meters,2022 est.,46.228 billion cubic meters,2022 est.,396.464 billion cubic meters,2021 est.
armenia,60 metric tons,2022 est.,"23,000 metric tons",2022 est.,317 million metric tons,2022 est.,,,"14,000 bbl/day",2022 est.,,,,,2.861 billion cubic meters,2022 est.,,
aruba,,,,,,,,,"8,000 bbl/day",2022 est.,,,,,,,,
ashmore-and-cartier-islands,,,,,,,,,,,,,,,,,,
australia,465.865 million metric tons,2022 est.,107.624 million metric tons,2022 est.,150.227 billion metric tons,2022 est.,"386,000 bbl/day",2023 est.,1.123 million bbl/day,2023 est.,,,153.783 billion cubic meters,2022 est.,50.188 billion cubic meters,2022 est.,3.228 trillion cubic meters,2021 est.
austria,1.271 million metric tons,2022 est.,5.026 million metric tons,2022 est.,,,"18,000 bbl/day",2023 est.,"245,000 bbl/day",2023 est.,,,618.209 million cubic meters,2022 est.,8.136 billion cubic meters,2022 est.,5.04 billion cubic meters,2021 est.
azerbaijan,,,"60,000 metric tons",2022 est.,,,"618,000 bbl/day",2023 est.,"105,000 bbl/day",2022 est.,,,34.175 billion cubic meters,2022 est.,11.759 billion cubic meters,2022 est.,1.699 trillion cubic meters,2021 est.
bahamas-the,,,,,,,,,"22,000 bbl/day",2022 est.,,,,,13.847 million cubic meters,2022 est.,,
bahrain,,,,,,,"189,000 bbl/day",2023 est.,"72,000 bbl/day",2022 est.,,,18.005 billion cubic meters,2022 est.,17.924 billion cubic meters,2022 est.,81.383 billion cubic meters,2021 est.
baker-island,,,,,,,,,"2,000 bbl/day",2022 est.,,,,,,,,
bangladesh,"754,000 metric tons",2022 est.,7.514 million metric tons,2022 est.,3.26 billion metric tons,2022 est.,"13,000 bbl/day",2023 est.,"160,000 bbl/day",2022 est.,,,24.62 billion cubic meters,2022 est.,30.384 billion cubic meters,2022 est.,126.293 billion cubic meters,2021 est.
barbados,,,,,,,"2,000 bbl/day",2023 est.,"9,000 bbl/day",2022 est.,,,9.759 million cubic meters,2022 est.,15.813 million cubic meters,2022 est.,113.267 million cubic meters,2021 est.
belarus,,,"778,000 metric tons",2022 est.,,,"30,000 bbl/day",2023 est.,"131,000 bbl/day",2022 est.,,,73.929 million cubic meters,2022 est.,16.683 billion cubic meters,2022 est.,2.832 billion cubic meters,2021 est.
belgium,1.27 million metric tons,2022 est.,4.869 million metric tons,2022 est.,4.1 billion metric tons,2022 est.,"11,000 bbl/day",2023 est.,"585,000 bbl/day",2023 est.,,,13.436 million cubic meters,2022 est.,15.347 billion cubic meters,2022 est.,,
belize,,,,,,,800 bbl/day,2023 est.,"5,000 bbl/day",2022 est.,,,,,,,,
benin,,,"45,000 metric tons",2022 est.,,,,,"46,000 bbl/day",2022 est.,,,,,182.131 million cubic meters,2022 est.,1.133 billion cubic meters,2021 est.
bermuda,,,,,,,,,"4,000 bbl/day",2022 est.,,,,,,,,
bhutan,"177,000 metric tons",2022 est.,"325,000 metric tons",2022 est.,,,,,"3,000 bbl/day",2022 est.,,,,,,,,
bolivia,,,"9,000 metric tons",2022 est.,1 million metric tons,2022 est.,"58,000 bbl/day",2023 est.,"87,000 bbl/day",2022 est.,,,13.76 billion cubic meters,2022 est.,3.055 billion cubic meters,2022 est.,302.99 billion cubic meters,2021 est.
bosnia-and-herzegovina,14.114 million metric tons,2022 est.,14.766 million metric tons,2022 est.,2.264 billion metric tons,2022 est.,,,"36,000 bbl/day",2022 est.,,,,,225.824 million cubic meters,2022 est.,,
botswana,2.634 million metric tons,2022 est.,2.291 million metric tons,2022 est.,1.66 billion metric tons,2022 est.,,,"21,000 bbl/day",2022 est.,,,,,,,,
bouvet-island,,,,,,,,,,,,,,,,,,
brazil,15.644 million metric tons,2022 est.,32.787 million metric tons,2022 est.,6.596 billion metric tons,2022 est.,4.221 million bbl/day,2023 est.,3.027 million bbl/day,2022 est.,,,22.67 billion cubic meters,2022 est.,31.654 billion cubic meters,2022 est.,363.985 billion cubic meters,2021 est.
british-indian-ocean-territory,,,,,,,,,,,,,,,,,,
british-virgin-islands,,,,,,,,,"1,000 bbl/day",2022 est.,,,,,,,,
brunei,,,1.203 million metric tons,2022 est.,,,"95,000 bbl/day",2023 est.,"17,000 bbl/day",2022 est.,,,10.598 billion cubic meters,2022 est.,4.374 billion cubic meters,2022 est.,260.515 billion cubic meters,2021 est.
bulgaria,35.516 million metric tons,2022 est.,35.97 million metric tons,2022 est.,2.366 billion metric tons,2022 est.,"4,000 bbl/day",2023 est.,"101,000 bbl/day",2022 est.,,,20.837 million cubic meters,2022 est.,2.801 billion cubic meters,2022 est.,5.663 billion cubic meters,2021 est.
burkina-faso,,,,,,,,,"36,000 bbl/day",2022 est.,,,,,,,,
burma,1.268 million metric tons,2022 est.,1.453 million metric tons,2022 est.,252 million metric tons,2022 est.,"7,000 bbl/day",2023 est.,"148,000 bbl/day",2022 est.,,,16.78 billion cubic meters,2022 est.,3.788 billion cubic meters,2022 est.,637.129 billion cubic meters,2021 est.
burundi,,,,,,,,,"6,000 bbl/day",2022 est.,,,,,,,,
cabo-verde,,,,,,,,,"4,000 bbl/day",2022 est.,,,,,,,,
cambodia,"113,000 metric tons",2022 est.,2.215 million metric tons,2022 est.,,,,,"73,000 bbl/day",2022 est.,,,,,,,,
cameroon,,,,,,,"54,000 bbl/day",2023 est.,"40,000 bbl/day",2022 est.,,,2.595 billion cubic meters,2022 est.,877.058 million cubic meters,2022 est.,135.071 billion cubic meters,2021 est.
canada,43.024 million metric tons,2022 est.,17.138 million metric tons,2022 est.,6.582 billion metric tons,2022 est.,5.692 million bbl/day,2023 est.,2.454 million bbl/day,2023 est.,,,187.686 billion cubic meters,2022 est.,130.316 billion cubic meters,2022 est.,2.067 trillion cubic meters,2021 est.
cayman-islands,,,,,,,,,"5,000 bbl/day",2022 est.,,,,,,,,
central-african-republic,,,,,3 million metric tons,2022 est.,,,"2,000 bbl/day",2022 est.,,,,,,,,
chad,,,,,,,"124,000 bbl/day",2023 est.,"15,000 bbl/day",2022 est.,,,,,,,,
chile,"499,000 metric tons",2022 est.,8.637 million metric tons,2022 est.,1.181 billion metric tons,2022 est.,"11,000 bbl/day",2023 est.,"405,000 bbl/day",2023 est.,,,1.2 billion cubic meters,2022 est.,6.916 billion cubic meters,2022 est.,97.976 billion cubic meters,2021 est.
china,4.827 billion metric tons,2022 est.,5.313 billion metric tons,2022 est.,143.197 billion metric tons,2022 est.,4.984 million bbl/day,2023 est.,15.148 million bbl/day,2022 est.,,,225.341 billion cubic meters,2022 est.,366.16 billion cubic meters,2022 est.,6.654 trillion cubic meters,2021 est.
christmas-island,,,,,,,,,,,,,,,,,,
clipperton-island,,,,,,,,,,,,,,,,,,
cocos-keeling-islands,,,,,,,,,,,,,,,,,,
colombia,58.747 million metric tons,2022 est.,7.88 million metric tons,2022 est.,4.554 billion metric tons,2022 est.,"800,000 bbl/day",2023 est.,"320,000 bbl/day",2022 est.,,,11.29 billion cubic meters,2022 est.,11.451 billion cubic meters,2022 est.,87.782 billion cubic meters,2021 est.
comoros,,,,,,,,,"3,000 bbl/day",2022 est.,,,,,,,,
congo-democratic-republic-of-the,,,"23,000 metric tons",2022 est.,987.999 million metric tons,2022 est.,"19,000 bbl/day",2023 est.,"26,000 bbl/day",2022 est.,,,"380,000 cubic meters",2019 est.,"380,000 cubic meters",2019 est.,991.09 million cubic meters,2021 est.
congo-republic-of-the,,,,,,,"267,000 bbl/day",2023 est.,"12,000 bbl/day",2022 est.,,,423 million cubic meters,2022 est.,423 million cubic meters,2022 est.,283.99 billion cubic meters,2021 est.
cook-islands,,,,,,,,,600 bbl/day,2022 est.,,,,,,,,
coral-sea-islands,,,,,,,,,,,,,,,,,,
costa-rica,,,"30,000 metric tons",2022 est.,,,400 bbl/day,2023 est.,"62,000 bbl/day",2022 est.,,,,,,,,
cote-divoire,,,,,,,"29,000 bbl/day",2023 est.,"60,000 bbl/day",2022 est.,,,2.635 billion cubic meters,2022 est.,2.635 billion cubic meters,2022 est.,28.317 billion cubic meters,2021 est.
croatia,,,"702,000 metric tons",2022 est.,,,"11,000 bbl/day",2023 est.,"70,000 bbl/day",2022 est.,,,741.456 million cubic meters,2022 est.,2.502 billion cubic meters,2022 est.,24.919 billion cubic meters,2021 est.
cuba,,,"2,000 metric tons",2022 est.,,,"34,000 bbl/day",2023 est.,"165,000 bbl/day",2022 est.,,,659.434 million cubic meters,2022 est.,659.434 million cubic meters,2022 est.,70.792 billion cubic meters,2021 est.
curacao,,,,,,,,,,,,,,,,,,
cyprus,,,"53,000 metric tons",2022 est.,,,,,"45,000 bbl/day",2022 est.,,,,,,,,
czechia,37.423 million metric tons,2022 est.,40.239 million metric tons,2022 est.,3.595 billion metric tons,2022 est.,"4,000 bbl/day",2023 est.,"211,000 bbl/day",2023 est.,,,224.725 million cubic meters,2022 est.,7.602 billion cubic meters,2022 est.,3.964 billion cubic meters,2021 est.
denmark,,,1.788 million metric tons,2022 est.,,,"63,000 bbl/day",2023 est.,"152,000 bbl/day",2023 est.,,,1.879 billion cubic meters,2022 est.,2.208 billion cubic meters,2022 est.,29.534 billion cubic meters,2021 est.
djibouti,,,,,,,,,"4,000 bbl/day",2022 est.,,,,,,,,
dominica,,,,,,,,,"1,000 bbl/day",2022 est.,,,,,,,,
dominican-republic,,,2.188 million metric tons,2022 est.,,,,,"134,000 bbl/day",2022 est.,,,,,2.44 billion cubic meters,2022 est.,,
ecuador,,,"21,000 metric tons",2022 est.,24 million metric tons,2022 est.,"480,000 bbl/day",2023 est.,"225,000 bbl/day",2022 est.,,,309.778 million cubic meters,2022 est.,309.778 million cubic meters,2022 est.,10.902 billion cubic meters,2021 est.
egypt,"289,000 metric tons",2022 est.,3.083 million metric tons,2022 est.,182 million metric tons,2022 est.,"667,000 bbl/day",2023 est.,"851,000 bbl/day",2022 est.,,,64.817 billion cubic meters,2022 est.,60.089 billion cubic meters,2022 est.,1.784 trillion cubic meters,2021 est.
el-salvador,,,500 metric tons,2022 est.,,,3 bbl/day,2023 est.,"58,000 bbl/day",2022 est.,,,,,226.472 million cubic meters,2022 est.,,
equatorial-guinea,,,,,,,"98,000 bbl/day",2023 est.,"6,000 bbl/day",2022 est.,,,6.75 billion cubic meters,2022 est.,1.504 billion cubic meters,2022 est.,139.007 billion cubic meters,2021 est.
eritrea,,,,,,,,,"4,000 bbl/day",2022 est.,,,,,,,,
estonia,,,"3,000 metric tons",2022 est.,,,"24,000 bbl/day",2023 est.,"28,000 bbl/day",2023 est.,,,,,354.912 million cubic meters,2022 est.,,
eswatini,"219,000 metric tons",2022 est.,"124,000 metric tons",2022 est.,4.644 billion metric tons,2022 est.,,,"6,000 bbl/day",2022 est.,,,,,,,,
ethiopia,"8,000 metric tons",2022 est.,"660,000 metric tons",2022 est.,,,,,"110,000 bbl/day",2022 est.,,,,,,,24.919 billion cubic meters,2021 est.
european-union,,,,,,,,,,,,,,,,,,
falkland-islands-islas-malvinas,,,,,,,,,300 bbl/day,2022 est.,,,,,,,,
faroe-islands,,,,,,,,,"5,000 bbl/day",2022 est.,,,,,,,,
fiji,,,2.1 metric tons,2022 est.,,,,,"9,000 bbl/day",2022 est.,,,,,,,,
finland,"808,000 metric tons",2022 est.,4.141 million metric tons,2022 est.,,,"8,000 bbl/day",2023 est.,"175,000 bbl/day",2023 est.,,,,,1.157 billion cubic meters,2022 est.,,
france,2.419 million metric tons,2022 est.,12.985 million metric tons,2022 est.,160 million metric tons,2022 est.,"80,000 bbl/day",2023 est.,1.554 million bbl/day,2023 est.,,,20.132 million cubic meters,2022 est.,37.001 billion cubic meters,2022 est.,7.787 billion cubic meters,2021 est.
french-polynesia,,,,,,,,,"6,000 bbl/day",2022 est.,,,,,,,,
french-southern-and-antarctic-lands,,,,,,,,,,,,,,,,,,
gabon,,,,,,,"204,000 bbl/day",2023 est.,"16,000 bbl/day",2022 est.,,,463 million cubic meters,2022 est.,463 million cubic meters,2022 est.,25.995 billion cubic meters,2021 est.
gambia-the,,,,,,,,,"3,000 bbl/day",2022 est.,,,,,,,,
gaza-strip,,,,,,,,,"29,000 bbl/day",2022 est.,,,,,,,,
georgia,"256,000 metric tons",2022 est.,"516,000 metric tons",2022 est.,900.999 million metric tons,2022 est.,300 bbl/day,2023 est.,"32,000 bbl/day",2022 est.,,,8.76 million cubic meters,2022 est.,2.796 billion cubic meters,2022 est.,8.495 billion cubic meters,2021 est.
germany,138.981 million metric tons,2022 est.,186.725 million metric tons,2022 est.,35.9 billion metric tons,2022 est.,"131,000 bbl/day",2023 est.,2.052 million bbl/day,2023 est.,,,4.824 billion cubic meters,2022 est.,77.516 billion cubic meters,2022 est.,23.39 billion cubic meters,2021 est.
ghana,,,"85,000 metric tons",2022 est.,,,"174,000 bbl/day",2023 est.,"110,000 bbl/day",2022 est.,,,3.192 billion cubic meters,2022 est.,3.912 billion cubic meters,2022 est.,22.653 billion cubic meters,2021 est.
gibraltar,,,,,,,,,"84,000 bbl/day",2022 est.,,,,,75.781 million cubic meters,2022 est.,,
greece,13.703 million metric tons,2022 est.,13.988 million metric tons,2022 est.,2.876 billion metric tons,2022 est.,"5,000 bbl/day",2023 est.,"303,000 bbl/day",2023 est.,,,3.284 million cubic meters,2021 est.,5.173 billion cubic meters,2022 est.,991.09 million cubic meters,2021 est.
greenland,,,,,383 million metric tons,2022 est.,,,"4,000 bbl/day",2022 est.,,,,,,,,
grenada,,,,,,,,,"2,000 bbl/day",2022 est.,,,,,,,,
guam,,,,,,,,,"12,000 bbl/day",2022 est.,,,,,,,,
guatemala,,,1.296 million metric tons,2022 est.,,,"6,000 bbl/day",2023 est.,"115,000 bbl/day",2022 est.,,,3.276 million cubic meters,2022 est.,2.986 million cubic meters,2022 est.,,
guernsey,,,,,,,,,,,,,,,,,,
guinea,,,,,,,,,"30,000 bbl/day",2022 est.,,,,,,,,
guinea-bissau,,,,,,,,,"2,000 bbl/day",2022 est.,,,,,,,,
guyana,,,,,,,"391,000 bbl/day",2023 est.,"16,000 bbl/day",2022 est.,,,,,3.981 million cubic meters,2022 est.,,
haiti,,,,,,,,,"19,000 bbl/day",2022 est.,,,,,3.256 million cubic meters,2022 est.,,
heard-island-and-mcdonald-islands,,,,,,,,,,,,,,,,,,
holy-see-vatican-city,,,,,,,,,,,,,,,,,,
honduras,,,"190,000 metric tons",2022 est.,,,20 bbl/day,2023 est.,"67,000 bbl/day",2022 est.,,,,,,,,
hong-kong,,,6.217 million metric tons,2022 est.,,,96 bbl/day,2023 est.,"414,000 bbl/day",2022 est.,,,,,4.835 billion cubic meters,2022 est.,,
howland-island,,,,,,,,,"2,000 bbl/day",2022 est.,,,,,,,,
hungary,5.45 million metric tons,2022 est.,6.18 million metric tons,2022 est.,2.909 billion metric tons,2022 est.,"36,000 bbl/day",2023 est.,"175,000 bbl/day",2023 est.,,,1.523 billion cubic meters,2022 est.,9.485 billion cubic meters,2022 est.,3.738 billion cubic meters,2021 est.
iceland,,,"188,000 metric tons",2022 est.,,,,,"18,000 bbl/day",2023 est.,,,,,,,,
india,985.671 million metric tons,2022 est.,1.2 billion metric tons,2022 est.,111.052 billion metric tons,2022 est.,"795,000 bbl/day",2023 est.,5.049 million bbl/day,2022 est.,,,33.17 billion cubic meters,2022 est.,58.867 billion cubic meters,2022 est.,1.381 trillion cubic meters,2021 est.
indonesia,659.357 million metric tons,2022 est.,202.283 million metric tons,2022 est.,34.869 billion metric tons,2022 est.,"865,000 bbl/day",2023 est.,1.728 million bbl/day,2022 est.,,,57.41 billion cubic meters,2022 est.,36.061 billion cubic meters,2022 est.,1.408 trillion cubic meters,2021 est.
iran,2.791 million metric tons,2022 est.,3.531 million metric tons,2022 est.,1.203 billion metric tons,2022 est.,3.985 million bbl/day,2023 est.,2.136 million bbl/day,2022 est.,,,263.28 billion cubic meters,2022 est.,244.89 billion cubic meters,2022 est.,33.987 trillion cubic meters,2021 est.
iraq,,,,,,,4.437 million bbl/day,2023 est.,"918,000 bbl/day",2022 est.,,,9.86 billion cubic meters,2022 est.,19.298 billion cubic meters,2022 est.,3.729 trillion cubic meters,2021 est.
ireland,,,1.322 million metric tons,2022 est.,40 million metric tons,2022 est.,600 bbl/day,2023 est.,"156,000 bbl/day",2023 est.,,,1.447 billion cubic meters,2022 est.,5.28 billion cubic meters,2022 est.,9.911 billion cubic meters,2021 est.
isle-of-man,,,,,,,,,,,,,,,,,,
israel,,,6.476 million metric tons,2022 est.,,,"15,000 bbl/day",2023 est.,"230,000 bbl/day",2023 est.,,,22.886 billion cubic meters,2022 est.,11.51 billion cubic meters,2022 est.,176.018 billion cubic meters,2021 est.
italy,1.618 million metric tons,2022 est.,13.127 million metric tons,2022 est.,609.999 million metric tons,2022 est.,"116,000 bbl/day",2023 est.,1.246 million bbl/day,2023 est.,,,3.117 billion cubic meters,2022 est.,68.735 billion cubic meters,2022 est.,45.76 billion cubic meters,2021 est.
jamaica,,,"65,000 metric tons",2022 est.,,,"3,000 bbl/day",2023 est.,"49,000 bbl/day",2022 est.,,,,,664.834 million cubic meters,2022 est.,,
jan-mayen,,,,,,,,,,,,,,,,,,
japan,29.141 million metric tons,2022 est.,216.332 million metric tons,2022 est.,350 million metric tons,2022 est.,"8,000 bbl/day",2023 est.,3.289 million bbl/day,2023 est.,,,2.22 billion cubic meters,2022 est.,92.843 billion cubic meters,2022 est.,20.898 billion cubic meters,2021 est.
jarvis-island,,,,,,,,,"2,000 bbl/day",2022 est.,,,,,,,,
jersey,,,,,,,,,,,,,,,,,,
johnston-atoll,,,,,,,,,"2,000 bbl/day",2022 est.,,,,,,,,
jordan,,,"479,000 metric tons",2022 est.,,,20 bbl/day,2023 est.,"97,000 bbl/day",2022 est.,,,187.262 million cubic meters,2022 est.,4.382 billion cubic meters,2022 est.,6.031 billion cubic meters,2021 est.
kazakhstan,118.195 million metric tons,2022 est.,84.852 million metric tons,2022 est.,25.605 billion metric tons,2022 est.,1.955 million bbl/day,2023 est.,"288,000 bbl/day",2022 est.,,,27.011 billion cubic meters,2022 est.,22.623 billion cubic meters,2022 est.,2.407 trillion cubic meters,2021 est.
kenya,,,1.168 million metric tons,2022 est.,,,,,"119,000 bbl/day",2022 est.,,,,,,,,
kingman-reef,,,,,,,,,"2,000 bbl/day",2022 est.,,,,,,,,
kiribati,,,,,,,,,500 bbl/day,2022 est.,,,,,,,,
korea-north,21.747 million metric tons,2022 est.,21.747 million metric tons,2022 est.,10.6 billion metric tons,2022 est.,,,"17,000 bbl/day",2022 est.,,,,,,,,
korea-south,15.595 million metric tons,2022 est.,136.413 million metric tons,2022 est.,326 million metric tons,2022 est.,"38,000 bbl/day",2023 est.,2.452 million bbl/day,2023 est.,,,55.127 million cubic meters,2021 est.,59.48 billion cubic meters,2022 est.,7.079 billion cubic meters,2021 est.
kosovo,9.074 million metric tons,2022 est.,8.927 million metric tons,2022 est.,1.564 billion metric tons,2022 est.,,,"15,000 bbl/day",2022 est.,,,,,,,,
kuwait,,,"145,000 metric tons",2022 est.,,,2.91 million bbl/day,2023 est.,"372,000 bbl/day",2022 est.,,,19.285 billion cubic meters,2022 est.,26.083 billion cubic meters,2022 est.,1.784 trillion cubic meters,2021 est.
kyrgyzstan,3.637 million metric tons,2022 est.,3.352 million metric tons,2022 est.,28.499 billion metric tons,2022 est.,"6,000 bbl/day",2023 est.,"31,000 bbl/day",2022 est.,,,31.026 million cubic meters,2022 est.,438 million cubic meters,2022 est.,5.663 billion cubic meters,2021 est.
laos,14.845 million metric tons,2022 est.,13.691 million metric tons,2022 est.,62 million metric tons,2022 est.,,,"24,000 bbl/day",2022 est.,,,,,,,,
latvia,,,"20,000 metric tons",2022 est.,,,"2,000 bbl/day",2023 est.,"35,000 bbl/day",2023 est.,,,,,828.214 million cubic meters,2022 est.,,
lebanon,,,"207,000 metric tons",2022 est.,,,,,"174,000 bbl/day",2022 est.,,,,,,,,
lesotho,,,,,,,,,"5,000 bbl/day",2022 est.,,,,,,,,
liberia,,,,,,,,,"4,000 bbl/day",2022 est.,,,,,,,,
libya,,,,,,,1.245 million bbl/day,2023 est.,"230,000 bbl/day",2022 est.,,,11.832 billion cubic meters,2022 est.,9.212 billion cubic meters,2022 est.,1.505 trillion cubic meters,2021 est.
liechtenstein,,,,,,,,,,,,,,,,,,
lithuania,,,"263,000 metric tons",2022 est.,,,"4,000 bbl/day",2023 est.,"68,000 bbl/day",2023 est.,,,,,1.601 billion cubic meters,2022 est.,,
luxembourg,,,"62,000 metric tons",2022 est.,,,,,"51,000 bbl/day",2023 est.,,,,,594.24 million cubic meters,2022 est.,,
macau,,,,,,,,,"12,000 bbl/day",2022 est.,,,,,120.337 million cubic meters,2022 est.,,
madagascar,,,"511,000 metric tons",2022 est.,150 million metric tons,2022 est.,,,"19,000 bbl/day",2022 est.,,,,,,,,
malawi,"50,000 metric tons",2022 est.,"50,000 metric tons",2022 est.,801.999 million metric tons,2022 est.,,,"11,000 bbl/day",2022 est.,,,,,,,,
malaysia,3.731 million metric tons,2022 est.,35.05 million metric tons,2022 est.,226 million metric tons,2022 est.,"582,000 bbl/day",2023 est.,"717,000 bbl/day",2022 est.,,,75.456 billion cubic meters,2022 est.,42.499 billion cubic meters,2022 est.,1.189 trillion cubic meters,2021 est.
maldives,,,,,,,,,"14,000 bbl/day",2022 est.,,,,,,,,
mali,,,,,,,,,"46,000 bbl/day",2022 est.,,,,,,,,
malta,,,8.4 metric tons,2021 est.,,,,,"46,000 bbl/day",2022 est.,,,,,399.719 million cubic meters,2022 est.,,
marshall-islands,,,,,,,,,,,,,,,,,,
mauritania,,,,,,,,,"29,000 bbl/day",2022 est.,,,,,,,28.317 billion cubic meters,2021 est.
mauritius,,,"580,000 metric tons",2022 est.,,,,,"25,000 bbl/day",2022 est.,,,,,,,,
mexico,7.453 million metric tons,2022 est.,18.423 million metric tons,2022 est.,1.211 billion metric tons,2022 est.,2.101 million bbl/day,2023 est.,1.737 million bbl/day,2023 est.,,,31.422 billion cubic meters,2022 est.,90.566 billion cubic meters,2022 est.,180.322 billion cubic meters,2021 est.
micronesia-federated-states-of,,,,,,,,,"1,000 bbl/day",2022 est.,,,,,,,,
midway-islands,,,,,,,,,"2,000 bbl/day",2022 est.,,,,,,,,
moldova,,,"120,000 metric tons",2022 est.,,,,,"22,000 bbl/day",2022 est.,,,"10,000 cubic meters",2021 est.,2.344 billion cubic meters,2022 est.,,
monaco,,,,,,,,,,,,,,,,,,
mongolia,28.276 million metric tons,2022 est.,6.393 million metric tons,2022 est.,2.52 billion metric tons,2022 est.,"15,000 bbl/day",2023 est.,"36,000 bbl/day",2022 est.,,,,,,,,
montenegro,1.734 million metric tons,2022 est.,1.517 million metric tons,2022 est.,337 million metric tons,2022 est.,,,"8,000 bbl/day",2022 est.,,,,,,,,
montserrat,,,,,,,,,200 bbl/day,2022 est.,,,,,,,,
morocco,,,11.94 million metric tons,2022 est.,96 million metric tons,2022 est.,25 bbl/day,2023 est.,"318,000 bbl/day",2022 est.,,,82.595 million cubic meters,2022 est.,243.201 million cubic meters,2022 est.,1.444 billion cubic meters,2021 est.
mozambique,9.015 million metric tons,2022 est.,"11,000 metric tons",2022 est.,1.792 billion metric tons,2022 est.,,,"40,000 bbl/day",2022 est.,,,5.338 billion cubic meters,2022 est.,1.347 billion cubic meters,2022 est.,2.832 trillion cubic meters,2021 est.
namibia,,,"32,000 metric tons",2022 est.,350 million metric tons,2022 est.,,,"25,000 bbl/day",2022 est.,,,,,,,62.297 billion cubic meters,2021 est.
nauru,,,,,,,,,500 bbl/day,2022 est.,,,,,,,,
navassa-island,,,,,,,,,,,,,,,,,,
nepal,"15,000 metric tons",2022 est.,1.095 million metric tons,2022 est.,8 million metric tons,2022 est.,,,"62,000 bbl/day",2022 est.,,,,,,,,
netherlands,1.825 million metric tons,2022 est.,10.61 million metric tons,2022 est.,3.247 billion metric tons,2022 est.,"70,000 bbl/day",2023 est.,"872,000 bbl/day",2023 est.,,,17.774 billion cubic meters,2022 est.,33.243 billion cubic meters,2022 est.,132.608 billion cubic meters,2021 est.
new-caledonia,,,1.039 million metric tons,2022 est.,2 million metric tons,2022 est.,,,"16,000 bbl/day",2022 est.,,,,,,,,
new-zealand,3.036 million metric tons,2022 est.,2.441 million metric tons,2022 est.,7.575 billion metric tons,2022 est.,"12,000 bbl/day",2023 est.,"154,000 bbl/day",2023 est.,,,3.77 billion cubic meters,2022 est.,3.819 billion cubic meters,2022 est.,31.149 billion cubic meters,2021 est.
nicaragua,,,,,,,200 bbl/day,2023 est.,"36,000 bbl/day",2022 est.,,,,,,,,
niger,"457,000 metric tons",2022 est.,"457,000 metric tons",2022 est.,90 million metric tons,2022 est.,"6,000 bbl/day",2023 est.,"13,000 bbl/day",2022 est.,,,29.509 million cubic meters,2022 est.,29.858 million cubic meters,2022 est.,,
nigeria,3.043 million metric tons,2022 est.,3.044 million metric tons,2022 est.,2.144 billion metric tons,2022 est.,1.514 million bbl/day,2023 est.,"515,000 bbl/day",2022 est.,,,39.951 billion cubic meters,2022 est.,20.719 billion cubic meters,2022 est.,5.761 trillion cubic meters,2021 est.
niue,,,,,,,,,58.2 bbl/day,2022 est.,,,,,,,,
norfolk-island,,,,,,,,,,,,,,,,,,
north-macedonia,5.075 million metric tons,2022 est.,5.776 million metric tons,2022 est.,332 million metric tons,2022 est.,,,"22,000 bbl/day",2022 est.,,,,,274.928 million cubic meters,2022 est.,,
northern-mariana-islands,0 metric tons,2020 est.,0 metric tons,2020 est.,,,0 bbl/day,2021 est.,"2,100 bbl/day",2019 est.,,,0 cubic meters,2021 est.,0 cubic meters,2021 est.,0 cubic meters,2021 est.
norway,"117,000 metric tons",2022 est.,1.201 million metric tons,2022 est.,2 million metric tons,2022 est.,2.02 million bbl/day,2023 est.,"229,000 bbl/day",2023 est.,,,123.727 billion cubic meters,2022 est.,4.548 billion cubic meters,2022 est.,1.544 trillion cubic meters,2021 est.
oman,,,"31,000 metric tons",2022 est.,,,1.056 million bbl/day,2023 est.,"211,000 bbl/day",2022 est.,,,40.754 billion cubic meters,2022 est.,27.364 billion cubic meters,2022 est.,651.287 billion cubic meters,2021 est.
pakistan,12.712 million metric tons,2022 est.,34.027 million metric tons,2022 est.,3.064 billion metric tons,2022 est.,"101,000 bbl/day",2023 est.,"473,000 bbl/day",2022 est.,,,36.937 billion cubic meters,2022 est.,46.448 billion cubic meters,2022 est.,592.219 billion cubic meters,2021 est.
palau,,,,,,,,,,,,,,,,,,
palmyra-atoll,,,,,,,,,"2,000 bbl/day",2022 est.,,,,,,,,
panama,,,"837,000 metric tons",2022 est.,,,,,"146,000 bbl/day",2022 est.,,,,,389.611 million cubic meters,2022 est.,,
papua-new-guinea,,,,,,,"32,000 bbl/day",2023 est.,"27,000 bbl/day",2022 est.,,,10.837 billion cubic meters,2022 est.,166.98 million cubic meters,2022 est.,183.125 billion cubic meters,2021 est.
paracel-islands,,,,,,,,,,,,,,,,,,
paraguay,,,"1,000 metric tons",2022 est.,,,"2,000 bbl/day",2023 est.,"57,000 bbl/day",2022 est.,,,,,,,,
peru,"153,000 metric tons",2022 est.,"712,000 metric tons",2022 est.,1.567 billion metric tons,2022 est.,"118,000 bbl/day",2023 est.,"210,000 bbl/day",2022 est.,,,12.27 billion cubic meters,2022 est.,7.185 billion cubic meters,2022 est.,300.159 billion cubic meters,2021 est.
philippines,14.483 million metric tons,2022 est.,37.13 million metric tons,2022 est.,361 million metric tons,2022 est.,"10,000 bbl/day",2023 est.,"453,000 bbl/day",2022 est.,,,2.251 billion cubic meters,2022 est.,2.251 billion cubic meters,2022 est.,98.543 billion cubic meters,2021 est.
pitcairn-islands,,,,,,,,,,,,,,,,,,
poland,116.682 million metric tons,2022 est.,123.782 million metric tons,2022 est.,28.531 billion metric tons,2022 est.,"24,000 bbl/day",2023 est.,"722,000 bbl/day",2023 est.,,,5.551 billion cubic meters,2022 est.,20.056 billion cubic meters,2022 est.,91.492 billion cubic meters,2021 est.
portugal,,,"9,000 metric tons",2022 est.,3 million metric tons,2022 est.,"8,000 bbl/day",2023 est.,"212,000 bbl/day",2023 est.,,,,,5.515 billion cubic meters,2022 est.,,
puerto-rico,,,1.299 million metric tons,2022 est.,,,,,"80,000 bbl/day",2022 est.,,,,,1.409 billion cubic meters,2022 est.,,
qatar,,,,,,,1.851 million bbl/day,2023 est.,"297,000 bbl/day",2022 est.,,,169.595 billion cubic meters,2022 est.,41.515 billion cubic meters,2022 est.,23.861 trillion cubic meters,2021 est.
romania,18.16 million metric tons,2022 est.,19.404 million metric tons,2022 est.,291 million metric tons,2022 est.,"67,000 bbl/day",2023 est.,"221,000 bbl/day",2022 est.,,,9.501 billion cubic meters,2022 est.,10.055 billion cubic meters,2022 est.,105.48 billion cubic meters,2021 est.
russia,508.19 million metric tons,2022 est.,310.958 million metric tons,2022 est.,162.166 billion metric tons,2022 est.,10.727 million bbl/day,2023 est.,3.684 million bbl/day,2022 est.,,,617.83 billion cubic meters,2022 est.,472.239 billion cubic meters,2022 est.,47.805 trillion cubic meters,2021 est.
rwanda,,,"41,000 metric tons",2022 est.,,,,,"9,000 bbl/day",2022 est.,,,60.145 million cubic meters,2022 est.,59.715 million cubic meters,2022 est.,56.634 billion cubic meters,2021 est.
saint-barthelemy,,,,,,,,,,,,,,,,,,
saint-helena-ascension-and-tristan-da-cunha,,,,,,,,,81 bbl/day,2022 est.,,,,,,,,
saint-kitts-and-nevis,,,,,,,,,"2,000 bbl/day",2022 est.,,,,,,,,
saint-lucia,,,,,,,,,"4,000 bbl/day",2022 est.,,,,,,,,
saint-martin,,,,,,,,,,,,,,,,,,
saint-pierre-and-miquelon,,,,,,,,,400 bbl/day,2022 est.,,,,,,,,
saint-vincent-and-the-grenadines,,,,,,,,,"2,000 bbl/day",2022 est.,,,,,,,,
samoa,,,,,,,,,"2,000 bbl/day",2022 est.,,,,,,,,
san-marino,,,,,,,,,,,,,,,,,,
sao-tome-and-principe,,,,,,,,,"1,000 bbl/day",2022 est.,,,,,,,,
saudi-arabia,,,"164,000 metric tons",2022 est.,,,11.113 million bbl/day,2023 est.,3.649 million bbl/day,2022 est.,,,121.87 billion cubic meters,2022 est.,121.87 billion cubic meters,2022 est.,9.423 trillion cubic meters,2021 est.
senegal,,,"502,000 metric tons",2022 est.,,,"9,000 bbl/day",2023 est.,"55,000 bbl/day",2022 est.,,,54.646 million cubic meters,2022 est.,54.498 million cubic meters,2022 est.,,
serbia,35.129 million metric tons,2022 est.,38.297 million metric tons,2022 est.,7.514 billion metric tons,2022 est.,"13,000 bbl/day",2023 est.,"82,000 bbl/day",2022 est.,,,353.376 million cubic meters,2022 est.,2.939 billion cubic meters,2022 est.,48.139 billion cubic meters,2021 est.
seychelles,,,,,,,,,"6,000 bbl/day",2022 est.,,,,,,,,
sierra-leone,,,,,,,,,"9,000 bbl/day",2022 est.,,,,,,,,
singapore,,,"784,000 metric tons",2022 est.,,,,,1.47 million bbl/day,2022 est.,,,,,13.724 billion cubic meters,2022 est.,,
sint-maarten,,,,,,,,,,,,,,,,,,
slovakia,2.343 million metric tons,2022 est.,5.794 million metric tons,2022 est.,19 million metric tons,2022 est.,"7,000 bbl/day",2023 est.,"94,000 bbl/day",2023 est.,,,52.556 million cubic meters,2022 est.,60.424 million cubic meters,2022 est.,14.158 billion cubic meters,2021 est.
slovenia,2.358 million metric tons,2022 est.,2.553 million metric tons,2022 est.,95 million metric tons,2022 est.,,,"45,000 bbl/day",2023 est.,,,3.863 million cubic meters,2022 est.,840.902 million cubic meters,2022 est.,,
solomon-islands,,,,,,,,,"2,000 bbl/day",2022 est.,,,,,,,,
somalia,,,,,,,,,"6,000 bbl/day",2022 est.,,,,,,,5.663 billion cubic meters,2021 est.
south-africa,245.467 million metric tons,2022 est.,176.148 million metric tons,2022 est.,9.893 billion metric tons,2022 est.,"95,000 bbl/day",2023 est.,"601,000 bbl/day",2022 est.,,,59.128 million cubic meters,2022 est.,4.487 billion cubic meters,2022 est.,,
south-georgia-and-south-sandwich-islands,,,,,,,,,,,,,,,,,,
south-sudan,,,,,,,"146,000 bbl/day",2023 est.,"14,000 bbl/day",2022 est.,,,,,,,,
spain,,,,,,,,,,,,,,,,,,
spratly-islands,,,,,,,,,,,,,,,,,,
sri-lanka,,,2.084 million metric tons,2022 est.,,,,,"121,000 bbl/day",2022 est.,,,,,,,,
sudan,,,,,,,"68,000 bbl/day",2023 est.,"127,000 bbl/day",2022 est.,,,,,,,84.951 billion cubic meters,2021 est.
suriname,,,,,,,"14,000 bbl/day",2023 est.,"15,000 bbl/day",2022 est.,,,7.109 million cubic meters,2022 est.,6.967 million cubic meters,2022 est.,,
svalbard,,,,,,,,,,,,,,,,,,
sweden,1.115 million metric tons,2022 est.,3.396 million metric tons,2022 est.,5 million metric tons,2022 est.,"11,000 bbl/day",2023 est.,"283,000 bbl/day",2023 est.,,,,,889.924 million cubic meters,2022 est.,,
switzerland,,,"161,000 metric tons",2022 est.,,,300 bbl/day,2023 est.,"193,000 bbl/day",2023 est.,,,,,3.138 billion cubic meters,2022 est.,,
syria,,,"47,000 metric tons",2022 est.,,,"100,000 bbl/day",2023 est.,"138,000 bbl/day",2022 est.,,,3.085 billion cubic meters,2022 est.,3.084 billion cubic meters,2022 est.,240.693 billion cubic meters,2021 est.
taiwan,5.608 million metric tons,2022 est.,66.855 million metric tons,2022 est.,1 million metric tons,2022 est.,800 bbl/day,2023 est.,1.022 million bbl/day,2022 est.,,,63.747 million cubic meters,2022 est.,27.157 billion cubic meters,2022 est.,6.23 billion cubic meters,2021 est.
tajikistan,2.175 million metric tons,2022 est.,2.245 million metric tons,2022 est.,4.075 billion metric tons,2022 est.,300 bbl/day,2023 est.,"28,000 bbl/day",2022 est.,,,18.476 million cubic meters,2022 est.,85.567 million cubic meters,2022 est.,5.663 billion cubic meters,2021 est.
tanzania,2.511 million metric tons,2022 est.,"802,000 metric tons",2022 est.,1.41 billion metric tons,2022 est.,,,"58,000 bbl/day",2022 est.,,,1.808 billion cubic meters,2022 est.,1.808 billion cubic meters,2022 est.,6.513 billion cubic meters,2021 est.
thailand,13.642 million metric tons,2022 est.,36.03 million metric tons,2022 est.,1.063 billion metric tons,2022 est.,"386,000 bbl/day",2023 est.,1.248 million bbl/day,2022 est.,,,30.797 billion cubic meters,2022 est.,48.898 billion cubic meters,2022 est.,138.243 billion cubic meters,2021 est.
timor-leste,,,,,,,"5,000 bbl/day",2023 est.,"4,000 bbl/day",2022 est.,,,2.925 billion cubic meters,2022 est.,,,,
togo,,,"108,000 metric tons",2022 est.,,,,,"12,000 bbl/day",2022 est.,,,,,131.373 million cubic meters,2022 est.,,
tokelau,,,,,,,,,,,,,,,,,,
tonga,,,,,,,,,900 bbl/day,2022 est.,,,,,,,,
trinidad-and-tobago,,,100 metric tons,2021 est.,,,"73,000 bbl/day",2023 est.,"32,000 bbl/day",2022 est.,,,26.772 billion cubic meters,2022 est.,15.913 billion cubic meters,2022 est.,298.063 billion cubic meters,2021 est.
tunisia,,,"2,000 metric tons",2022 est.,,,"35,000 bbl/day",2023 est.,"108,000 bbl/day",2022 est.,,,1.323 billion cubic meters,2022 est.,5.153 billion cubic meters,2022 est.,65.129 billion cubic meters,2021 est.
turkey-turkiye,88.746 million metric tons,2022 est.,123.976 million metric tons,2022 est.,11.525 billion metric tons,2022 est.,"83,000 bbl/day",2023 est.,1.077 million bbl/day,2023 est.,,,379.701 million cubic meters,2022 est.,52.887 billion cubic meters,2022 est.,3.794 billion cubic meters,2021 est.
turkmenistan,,,,,799.999 million metric tons,2022 est.,"272,000 bbl/day",2023 est.,"152,000 bbl/day",2022 est.,,,86.472 billion cubic meters,2022 est.,41.561 billion cubic meters,2022 est.,11.327 trillion cubic meters,2021 est.
turks-and-caicos-islands,,,,,,,,,"2,000 bbl/day",2022 est.,,,,,,,,
tuvalu,,,,,,,,,,,,,0 cubic meters,2021 est.,0 cubic meters,2021 est.,0 cubic meters,2021 est.
uganda,,,,,799.999 million metric tons,2022 est.,,,"43,000 bbl/day",2022 est.,,,,,,,14.158 billion cubic meters,2021 est.
ukraine,4.248 million metric tons,2022 est.,10.953 million metric tons,2022 est.,34.375 billion metric tons,2022 est.,"3,000 bbl/day",2023 est.,"248,000 bbl/day",2022 est.,,,18.725 billion cubic meters,2022 est.,22.856 billion cubic meters,2022 est.,1.104 trillion cubic meters,2021 est.
united-arab-emirates,,,3.273 million metric tons,2022 est.,,,4.146 million bbl/day,2023 est.,"939,000 bbl/day",2022 est.,,,56.683 billion cubic meters,2022 est.,66.091 billion cubic meters,2022 est.,6.091 trillion cubic meters,2021 est.
united-kingdom,1.891 million metric tons,2022 est.,8.568 million metric tons,2022 est.,26 million metric tons,2022 est.,"753,000 bbl/day",2023 est.,1.397 million bbl/day,2023 est.,,,37.758 billion cubic meters,2022 est.,70.141 billion cubic meters,2022 est.,180.661 billion cubic meters,2021 est.
united-states,548.849 million metric tons,2022 est.,476.044 million metric tons,2022 est.,248.941 billion metric tons,2022 est.,20.879 million bbl/day,2023 est.,20.246 million bbl/day,2023 est.,,,1.029 trillion cubic meters,2022 est.,914.301 billion cubic meters,2022 est.,13.402 trillion cubic meters,2021 est.
united-states-pacific-island-wildlife-refuges,,,,,,,,,"2,000 bbl/day",2022 est.,,,,,,,,
uruguay,,,"18,000 metric tons",2022 est.,,,400 bbl/day,2023 est.,"52,000 bbl/day",2022 est.,,,,,86.037 million cubic meters,2022 est.,,
uzbekistan,5.356 million metric tons,2022 est.,7.396 million metric tons,2022 est.,1.375 billion metric tons,2022 est.,"64,000 bbl/day",2023 est.,"91,000 bbl/day",2022 est.,,,47.5 billion cubic meters,2022 est.,43.227 billion cubic meters,2022 est.,1.841 trillion cubic meters,2021 est.
vanuatu,,,,,,,,,"2,000 bbl/day",2022 est.,,,,,,,,
venezuela,"197,000 metric tons",2022 est.,"82,000 metric tons",2022 est.,730.999 million metric tons,2022 est.,"761,000 bbl/day",2023 est.,"367,000 bbl/day",2022 est.,,,17.696 billion cubic meters,2022 est.,17.696 billion cubic meters,2022 est.,5.674 trillion cubic meters,2021 est.
vietnam,43.614 million metric tons,2022 est.,83.116 million metric tons,2022 est.,3.36 billion metric tons,2022 est.,"187,000 bbl/day",2023 est.,"494,000 bbl/day",2022 est.,,,7.676 billion cubic meters,2022 est.,7.676 billion cubic meters,2022 est.,699.426 billion cubic meters,2021 est.
virgin-islands,,,,,,,,,"16,000 bbl/day",2022 est.,,,,,,,,
wake-island,,,,,,,,,"8,000 bbl/day",2022 est.,,,,,,,,
wallis-and-futuna,,,,,,,,,,,,,,,,,,
west-bank,,,,,,,,,"29,000 bbl/day",2022 est.,,,,,,,,
world,9.279 billion metric tons,2022 est.,9.456 billion metric tons,2022 est.,1.141 trillion metric tons,2022 est.,99.478 million bbl/day,2023 est.,99.845 million bbl/day,2022 est.,,,4.108 trillion cubic meters,2022 est.,4.052 trillion cubic meters,2022 est.,206.683 trillion cubic meters,2021 est.
yemen,,,"165,000 metric tons",2022 est.,,,"15,000 bbl/day",2023 est.,"60,000 bbl/day",2022 est.,,,189.432 million cubic meters,2022 est.,189.432 million cubic meters,2022 est.,478.555 billion cubic meters,2021 est.
zambia,"831,000 metric tons",2022 est.,"823,000 metric tons",2022 est.,944.999 million metric tons,2022 est.,,,"34,000 bbl/day",2022 est.,,,,,,,,
zimbabwe,3.877 million metric tons,2022 est.,4.479 million metric tons,2022 est.,502 million metric tons,2022 est.,800 bbl/day,2023 est.,"29,000 bbl/day",2022 est.,,,,,,,,
